customer_id,customer_name,segment,country,city,state,postal_code,region
SM-20320,Sean Miller,Home Office,United States,Jacksonville,Florida,32216,South
TC-20980,Tamara Chand,Corporate,United States,Lafayette,Indiana,47905,Central
RB-19360,Raymond Buch,Consumer,United States,Seattle,Washington,98115,West
TA-21385,Tom Ashbrook,Home Office,United States,New York City,New York,10024,East
HL-15040,Hunter Lopez,Consumer,United States,Newark,Delaware,19711,East
AB-10105,Adrian Barton,Consumer,United States,Detroit,Michigan,48205,Central
SC-20095,Sanjit Chand,Consumer,United States,Minneapolis,Minnesota,55407,Central
BS-11365,Bill Shonely,Corporate,United States,Lakewood,New Jersey,8701,East
SE-20110,Sanjit Engle,Consumer,United States,Arlington,Virginia,22204,South
CC-12370,Christopher Conant,Consumer,United States,Philadelphia,Pennsylvania,19120,East
KL-16645,Ken Lonsdale,Consumer,United States,San Francisco,California,94122,West
BM-11140,Becky Martin,Consumer,United States,San Antonio,Texas,78207,Central
GT-14635,Grant Thornton,Corporate,United States,Burlington,North Carolina,27217,South
TB-21400,Tom Boeckenhauer,Consumer,United States,New York City,New York,10024,East
CM-12385,Christopher Martinez,Consumer,United States,Atlanta,Georgia,30318,South
AR-10540,Andy Reiter,Consumer,United States,Jackson,Michigan,49201,Central
DR-12940,Daniel Raglin,Home Office,United States,Providence,Rhode Island,2908,East
TS-21370,Todd Sumrall,Corporate,United States,New York City,New York,10035,East
JW-15220,Jane Waco,Corporate,United States,Sacramento,California,95823,West
EH-13765,Edward Hooks,Corporate,United States,San Francisco,California,94109,West
HM-14860,Harry Marie,Corporate,United States,Springfield,Missouri,65807,Central
KD-16270,Karen Daniels,Consumer,United States,Yonkers,New York,10701,East
NC-18535,Nick Crebassa,Corporate,United States,San Francisco,California,94110,West
JA-15970,Joseph Airdo,Consumer,United States,Philadelphia,Pennsylvania,19134,East
KD-16495,Keith Dawkins,Corporate,United States,New York City,New York,10024,East
JM-15865,John Murray,Consumer,United States,Jamestown,New York,14701,East
DP-13390,Dennis Pardue,Home Office,United States,North Las Vegas,Nevada,89031,West
CS-12505,Cindy Stewart,Consumer,United States,Lancaster,Ohio,43130,East
MJ-17740,Max Jones,Consumer,United States,San Diego,California,92037,West
TP-21415,Tom Prescott,Consumer,United States,Philadelphia,Pennsylvania,19134,East
QJ-19255,Quincy Jones,Corporate,United States,Burlington,Vermont,5408,East
PO-18850,Patrick O'Brill,Consumer,United States,Tallahassee,Florida,32303,South
AB-10060,Adam Bellavance,Home Office,United States,New York City,New York,10009,East
PK-19075,Pete Kriz,Consumer,United States,New York City,New York,10035,East
JH-15985,Joseph Holt,Consumer,United States,Concord,North Carolina,28027,South
PF-19120,Peter Fuller,Consumer,United States,New York City,New York,10035,East
GM-14695,Greg Maxwell,Corporate,United States,Alexandria,Virginia,22304,South
CP-12085,Cathy Prescott,Corporate,United States,Springfield,Missouri,65807,Central
KF-16285,Karen Ferguson,Home Office,United States,Los Angeles,California,90008,West
GT-14710,Greg Tran,Consumer,United States,Buffalo,New York,14215,East
CJ-12010,Caroline Jumper,Consumer,United States,New York City,New York,10009,East
NM-18445,Nathan Mautz,Home Office,United States,New York City,New York,10024,East
AA-10315,Alex Avila,Consumer,United States,Round Rock,Texas,78664,Central
SD-20485,Shirley Daniels,Home Office,United States,Midland,Michigan,48640,Central
LW-17215,Luke Weiss,Consumer,United States,New York City,New York,10035,East
NP-18700,Nora Preis,Consumer,United States,Fresno,California,93727,West
LA-16780,Laura Armstrong,Corporate,United States,Detroit,Michigan,48205,Central
KH-16690,Kristen Hastings,Corporate,United States,Springfield,Virginia,22153,South
MS-17365,Maribeth Schnelling,Consumer,United States,Los Angeles,California,90045,West
SR-20740,Steven Roelle,Home Office,United States,New York City,New York,10024,East
EB-13840,Ellis Ballard,Corporate,United States,Seattle,Washington,98103,West
PS-19045,Penelope Sewall,Home Office,United States,Los Angeles,California,90032,West
RH-19510,Rick Huthwaite,Home Office,United States,Los Angeles,California,90045,West
KC-16540,Kelly Collister,Consumer,United States,San Diego,California,92037,West
GH-14425,Gary Hwang,Consumer,United States,Seattle,Washington,98105,West
FH-14365,Fred Hopkins,Corporate,United States,Seattle,Washington,98115,West
TB-21520,Tracy Blumstein,Consumer,United States,Philadelphia,Pennsylvania,19140,East
KW-16435,Katrina Willman,Consumer,United States,Florence,Kentucky,41042,South
SB-20290,Sean Braxton,Corporate,United States,Houston,Texas,77036,Central
BW-11110,Bart Watters,Corporate,United States,Detroit,Michigan,48205,Central
LC-16885,Lena Creighton,Consumer,United States,New York City,New York,10009,East
MC-17425,Mark Cousins,Corporate,United States,Mobile,Alabama,36608,South
ME-17320,Maria Etezadi,Home Office,United States,Santa Barbara,California,93101,West
AD-10180,Alan Dominguez,Home Office,United States,Great Falls,Montana,59405,West
JE-15610,Jim Epp,Corporate,United States,Atlanta,Georgia,30318,South
SB-20185,Sarah Brown,Consumer,United States,Los Angeles,California,90045,West
BD-11500,Bradley Drucker,Consumer,United States,Columbus,Georgia,31907,South
YC-21895,Yoseph Carroll,Corporate,United States,Newark,Delaware,19711,East
SV-20365,Seth Vernon,Consumer,United States,New York City,New York,10035,East
SC-20230,Scot Coram,Corporate,United States,Los Angeles,California,90004,West
RM-19675,Robert Marley,Home Office,United States,Los Angeles,California,90049,West
RP-19390,Resi Pölking,Consumer,United States,Madison,Wisconsin,53711,Central
SC-20305,Sean Christensen,Consumer,United States,Los Angeles,California,90036,West
IM-15055,Ionia McGrath,Consumer,United States,San Francisco,California,94122,West
DM-13015,Darrin Martin,Consumer,United States,New York City,New York,10009,East
NW-18400,Natalie Webber,Consumer,United States,New York City,New York,10024,East
YS-21880,Yana Sorensen,Corporate,United States,Seattle,Washington,98103,West
SA-20830,Sue Ann Reed,Consumer,United States,Chicago,Illinois,60610,Central
MW-18235,Mitch Willingham,Corporate,United States,Virginia Beach,Virginia,23464,South
DM-13345,Denise Monton,Corporate,United States,Roswell,Georgia,30076,South
AS-10285,Alejandro Savely,Corporate,United States,Noblesville,Indiana,46060,Central
LC-16960,Lindsay Castell,Home Office,United States,San Diego,California,92037,West
SF-20200,Sarah Foster,Consumer,United States,Bellingham,Washington,98226,West
AT-10735,Annie Thurman,Consumer,United States,Morristown,New Jersey,7960,East
JL-15835,John Lee,Consumer,United States,Charlotte,North Carolina,28205,South
ED-13885,Emily Ducich,Home Office,United States,New York City,New York,10011,East
GK-14620,Grace Kelly,Corporate,United States,Los Angeles,California,90049,West
BD-11320,Bill Donatelli,Consumer,United States,Minneapolis,Minnesota,55407,Central
JE-15715,Joe Elijah,Consumer,United States,New York City,New York,10009,East
SR-20425,Sharelle Roach,Home Office,United States,Louisville,Colorado,80027,West
CL-12565,Clay Ludtke,Consumer,United States,Los Angeles,California,90049,West
PW-19240,Pierre Wener,Consumer,United States,Columbia,Maryland,21044,East
RW-19540,Rick Wilson,Corporate,United States,Brentwood,California,94513,West
JD-16150,Justin Deggeller,Corporate,United States,New York City,New York,10011,East
JK-16090,Juliana Krohn,Consumer,United States,Omaha,Nebraska,68104,Central
JE-15745,Joel Eaton,Consumer,United States,Amarillo,Texas,79109,Central
MT-17815,Meg Tillman,Consumer,United States,Jackson,Mississippi,39212,South
HW-14935,Helen Wasserman,Corporate,United States,Indianapolis,Indiana,46203,Central
TT-21070,Ted Trevino,Consumer,United States,Seattle,Washington,98103,West
HR-14830,Harold Ryan,Corporate,United States,Huntington Beach,California,92646,West
HK-14890,Heather Kirkland,Corporate,United States,Houston,Texas,77070,Central
LC-16930,Linda Cazamias,Corporate,United States,Sparks,Nevada,89431,West
AG-10675,Anna Gayman,Consumer,United States,Houston,Texas,77036,Central
JK-15640,Jim Kriz,Home Office,United States,Seattle,Washington,98105,West
ES-14020,Erica Smith,Consumer,United States,Los Angeles,California,90049,West
PP-18955,Paul Prost,Home Office,United States,Seattle,Washington,98115,West
Dp-13240,Dean percer,Home Office,United States,New York City,New York,10035,East
RH-19495,Rick Hansen,Consumer,United States,New York City,New York,10024,East
CM-12655,Corinna Mitchell,Home Office,United States,New York City,New York,10011,East
AH-10690,Anna Häberlin,Corporate,United States,Springfield,Virginia,22153,South
TB-21175,Thomas Boland,Corporate,United States,Henderson,Kentucky,42420,South
PM-19135,Peter McVee,Home Office,United States,Dover,New Hampshire,3820,East
TS-21205,Thomas Seio,Corporate,United States,Nashville,Tennessee,37211,South
LF-17185,Luke Foster,Consumer,United States,San Antonio,Texas,78207,Central
NP-18670,Nora Paige,Consumer,United States,Lakewood,New Jersey,8701,East
JD-15895,Jonathan Doherty,Corporate,United States,Richmond,Virginia,23223,South
DB-13270,Deborah Brumfield,Home Office,United States,Providence,Rhode Island,2908,East
RB-19795,Ross Baird,Home Office,United States,Philadelphia,Pennsylvania,19120,East
MZ-17515,Mary Zewe,Corporate,United States,Seattle,Washington,98115,West
NF-18385,Natalie Fritzler,Consumer,United States,Newark,Ohio,43055,East
TW-21025,Tamara Willingham,Home Office,United States,Seattle,Washington,98105,West
CM-12160,Charles McCrossin,Consumer,United States,San Francisco,California,94122,West
LP-17095,Liz Preis,Consumer,United States,Aurora,Illinois,60505,Central
DW-13480,Dianna Wilson,Home Office,United States,Lakeville,Minnesota,55044,Central
HG-15025,Hunter Glantz,Consumer,United States,Fort Worth,Texas,76106,Central
CA-11965,Carol Adams,Corporate,United States,Warwick,Rhode Island,2886,East
RA-19915,Russell Applegate,Consumer,United States,Denver,Colorado,80219,West
DG-13300,Deirdre Greer,Corporate,United States,New York City,New York,10035,East
JE-16165,Justin Ellison,Corporate,United States,Franklin,Wisconsin,53132,Central
SP-20620,Stefania Perrino,Corporate,United States,Philadelphia,Pennsylvania,19134,East
ND-18370,Natalie DeCherney,Consumer,United States,New York City,New York,10035,East
BE-11335,Bill Eplett,Home Office,United States,Jackson,Michigan,49201,Central
FC-14245,Frank Carlisle,Home Office,United States,Columbia,Missouri,65203,Central
RW-19690,Robert Waldorf,Consumer,United States,Philadelphia,Pennsylvania,19134,East
CC-12145,Charles Crestani,Consumer,United States,Los Angeles,California,90049,West
HG-14965,Henry Goldwyn,Corporate,United States,Chicago,Illinois,60653,Central
TT-21460,Tonja Turnell,Home Office,United States,Richmond,Indiana,47374,Central
VP-21760,Victoria Pisteka,Corporate,United States,Columbia,Tennessee,38401,South
JK-15205,Jamie Kunitz,Consumer,United States,Arlington,Virginia,22204,South
SC-20050,Sample Company A,Home Office,United States,Burbank,California,91505,West
IM-15070,Irene Maddox,Consumer,United States,Florence,Alabama,35630,South
JD-15790,John Dryer,Consumer,United States,Jacksonville,Florida,32216,South
SM-20950,Suzanne McNair,Corporate,United States,Philadelphia,Pennsylvania,19134,East
DL-13495,Dionis Lloyd,Corporate,United States,Philadelphia,Pennsylvania,19120,East
KT-16480,Kean Thornton,Consumer,United States,Philadelphia,Pennsylvania,19134,East
JG-15115,Jack Garza,Consumer,United States,Des Moines,Washington,98198,West
AC-10450,Amy Cox,Consumer,United States,Minneapolis,Minnesota,55407,Central
SC-20380,Shahid Collister,Consumer,United States,Burlington,North Carolina,27217,South
BB-11545,Brenda Bowman,Corporate,United States,Columbia,Maryland,21044,East
AJ-10780,Anthony Jacobs,Corporate,United States,Beverly,Massachusetts,1915,East
BH-11710,Brosina Hoffman,Consumer,United States,Los Angeles,California,90032,West
DJ-13630,Doug Jacobs,Consumer,United States,New York City,New York,10009,East
GB-14575,Giulietta Baptist,Consumer,United States,Columbia,South Carolina,29203,South
KM-16375,Katherine Murray,Home Office,United States,Providence,Rhode Island,2908,East
LW-16990,Lindsay Williams,Corporate,United States,Henderson,Nevada,89015,West
SP-20860,Sung Pak,Corporate,United States,Los Angeles,California,90036,West
AI-10855,Arianne Irving,Consumer,United States,San Francisco,California,94122,West
RD-19480,Rick Duston,Consumer,United States,Long Beach,New York,11561,East
CR-12580,Clay Rozendal,Home Office,United States,San Diego,California,92037,West
MC-17845,Michael Chen,Consumer,United States,North Las Vegas,Nevada,89031,West
MM-17920,Michael Moore,Consumer,United States,Chesapeake,Virginia,23320,South
MP-17965,Michael Paige,Corporate,United States,Detroit,Michigan,48205,Central
NM-18520,Neoma Murray,Consumer,United States,Los Angeles,California,90045,West
GZ-14545,George Zrebassa,Corporate,United States,Los Angeles,California,90036,West
BE-11410,Bobby Elias,Consumer,United States,Appleton,Wisconsin,54915,Central
FC-14335,Fred Chung,Corporate,United States,Torrance,California,90503,West
TH-21550,Tracy Hopkins,Home Office,United States,Burlington,North Carolina,27217,South
BM-11650,Brian Moss,Corporate,United States,Columbia,Maryland,21044,East
TC-21295,Toby Carlisle,Consumer,United States,Everett,Massachusetts,2149,East
AR-10825,Anthony Rawles,Corporate,United States,Concord,California,94521,West
SG-20605,Speros Goranitis,Consumer,United States,New York City,New York,10009,East
JS-15880,John Stevenson,Consumer,United States,Seattle,Washington,98103,West
DC-12850,Dan Campbell,Consumer,United States,Memphis,Tennessee,38109,South
AM-10705,Anne McFarland,Consumer,United States,Cranston,Rhode Island,2920,East
DJ-13510,Don Jones,Corporate,United States,San Diego,California,92037,West
MA-17995,Michelle Arnett,Home Office,United States,Cheyenne,Wyoming,82001,West
JF-15565,Jill Fjeld,Consumer,United States,Newport News,Virginia,23602,South
RO-19780,Rose O'Brian,Consumer,United States,Clarksville,Tennessee,37042,South
BO-11350,Bill Overfelt,Corporate,United States,Broken Arrow,Oklahoma,74012,Central
TP-21130,Theone Pippenger,Consumer,United States,Detroit,Michigan,48227,Central
CP-12340,Christine Phan,Corporate,United States,New York City,New York,10024,East
RD-19660,Robert Dilbeck,Home Office,United States,Independence,Missouri,64055,Central
AH-10210,Alan Hwang,Consumer,United States,Henderson,Kentucky,42420,South
PV-18985,Paul Van Hugh,Home Office,United States,Los Angeles,California,90036,West
PC-18745,Pamela Coakley,Corporate,United States,Watertown,New York,13601,East
JO-15145,Jack O'Briant,Corporate,United States,Franklin,Wisconsin,53132,Central
CB-12535,Claudia Bergmann,Corporate,United States,Burlington,Vermont,5408,East
TH-21115,Thea Hudgings,Corporate,United States,Houston,Texas,77070,Central
SC-20260,Scott Cohen,Corporate,United States,San Francisco,California,94122,West
DB-13120,David Bremer,Corporate,United States,Marion,Ohio,43302,East
SP-20920,Susan Pistek,Consumer,United States,Parma,Ohio,44134,East
NC-18415,Nathan Cano,Consumer,United States,Houston,Texas,77095,Central
EB-13750,Edward Becker,Corporate,United States,Buffalo,New York,14215,East
ZC-21910,Zuschuss Carroll,Consumer,United States,Columbus,Indiana,47201,Central
MH-18025,Michelle Huthwaite,Consumer,United States,Lafayette,Louisiana,70506,South
TH-21100,Thea Hendricks,Consumer,United States,Toledo,Ohio,43615,East
FM-14290,Frank Merwin,Home Office,United States,Philadelphia,Pennsylvania,19143,East
EM-14140,Eugene Moren,Home Office,United States,Lehi,Utah,84043,West
MG-17680,Maureen Gastineau,Home Office,United States,Los Angeles,California,90049,West
AR-10405,Allen Rosenblatt,Corporate,United States,Franklin,Massachusetts,2038,East
BT-11305,Beth Thompson,Home Office,United States,San Gabriel,California,91776,West
JL-15505,Jeremy Lonsdale,Consumer,United States,Westminster,California,92683,West
JF-15415,Jennifer Ferguson,Consumer,United States,Seattle,Washington,98105,West
DJ-13420,Denny Joy,Corporate,United States,Milwaukee,Wisconsin,53209,Central
IL-15100,Ivan Liston,Consumer,United States,Columbus,Indiana,47201,Central
GA-14515,George Ashbrook,Consumer,United States,San Francisco,California,94122,West
FO-14305,Frank Olsen,Consumer,United States,Harrisonburg,Virginia,22801,South
AS-10045,Aaron Smayling,Corporate,United States,Austin,Texas,78745,Central
CB-12415,Christy Brittain,Consumer,United States,Columbus,Ohio,43229,East
DF-13135,David Flashing,Consumer,United States,Rockford,Illinois,61107,Central
SL-20155,Sara Luxemburg,Home Office,United States,Muskogee,Oklahoma,74403,Central
GM-14680,Greg Matthias,Consumer,United States,San Jose,California,95123,West
MH-17455,Mark Hamilton,Consumer,United States,Greenwood,Indiana,46142,Central
SJ-20125,Sanjit Jacobs,Home Office,United States,Houston,Texas,77036,Central
DE-13255,Deanra Eno,Home Office,United States,Dubuque,Iowa,52001,Central
TM-21010,Tamara Manning,Consumer,United States,Orem,Utah,84057,West
SF-20965,Sylvia Foulston,Corporate,United States,San Francisco,California,94109,West
SH-20635,Stefanie Holloman,Corporate,United States,Sacramento,California,95823,West
CM-12235,Chris McAfee,Consumer,United States,Carrollton,Texas,75007,Central
PJ-19015,Pauline Johnson,Consumer,United States,Santa Ana,California,92704,West
VD-21670,Valerie Dominguez,Consumer,United States,New York City,New York,10011,East
LD-17005,Lisa DeCherney,Consumer,United States,New York City,New York,10011,East
AS-10225,Alan Schoenberger,Corporate,United States,Montgomery,Alabama,36116,South
BG-11035,Barry Gonzalez,Consumer,United States,Nashville,Tennessee,37211,South
OT-18730,Olvera Toch,Consumer,United States,Bethlehem,Pennsylvania,18018,East
TS-21430,Tom Stivers,Corporate,United States,Seattle,Washington,98103,West
JK-15730,Joe Kamberova,Consumer,United States,Asheville,North Carolina,28806,South
RL-19615,Rob Lucas,Consumer,United States,Chicago,Illinois,60623,Central
KL-16555,Kelly Lampkin,Corporate,United States,Greensboro,North Carolina,27405,South
AH-10465,Amy Hunt,Consumer,United States,Dallas,Texas,75217,Central
MW-18220,Mitch Webber,Consumer,United States,New York City,New York,10011,East
EN-13780,Edward Nazzal,Consumer,United States,New York City,New York,10035,East
EM-13810,Eleni McCrary,Corporate,United States,San Francisco,California,94122,West
ND-18460,Neil Ducich,Corporate,United States,Jacksonville,Florida,32216,South
KH-16510,Keith Herrera,Consumer,United States,San Francisco,California,94110,West
AG-10270,Alejandro Grove,Consumer,United States,Omaha,Nebraska,68104,Central
RR-19525,Rick Reed,Corporate,United States,Lowell,Massachusetts,1852,East
BD-11605,Brian Dahlen,Consumer,United States,San Francisco,California,94109,West
GM-14440,Gary McGarr,Consumer,United States,San Diego,California,92024,West
CL-12700,Craig Leslie,Home Office,United States,Colorado Springs,Colorado,80906,West
AA-10645,Anna Andreadi,Consumer,United States,Oklahoma City,Oklahoma,73120,Central
DB-13060,Dave Brooks,Consumer,United States,Lakewood,New Jersey,8701,East
KC-16255,Karen Carlisle,Corporate,United States,Huntsville,Alabama,35810,South
ES-14080,Erin Smith,Corporate,United States,Philadelphia,Pennsylvania,19134,East
FP-14320,Frank Preis,Consumer,United States,New York City,New York,10009,East
DL-12925,Daniel Lacy,Consumer,United States,Greenville,North Carolina,27834,South
BS-11665,Brian Stugart,Consumer,United States,Chicago,Illinois,60623,Central
SG-20080,Sandra Glassco,Consumer,United States,Redlands,California,92374,West
DK-13225,Dean Katz,Corporate,United States,Anaheim,California,92804,West
VM-21685,Valerie Mitchum,Home Office,United States,Burlington,Vermont,5408,East
EB-13705,Ed Braxton,Corporate,United States,Anaheim,California,92804,West
PW-19030,Pauline Webber,Corporate,United States,Seattle,Washington,98105,West
TB-21280,Toby Braunhardt,Consumer,United States,Norman,Oklahoma,73071,Central
KB-16240,Karen Bern,Corporate,United States,Los Angeles,California,90049,West
AC-10615,Ann Chong,Corporate,United States,New York City,New York,10009,East
TN-21040,Tanja Norvell,Home Office,United States,Phoenix,Arizona,85023,West
BF-11170,Ben Ferrer,Home Office,United States,Atlanta,Georgia,30318,South
JB-16045,Julia Barnett,Home Office,United States,Columbus,Georgia,31907,South
PF-19165,Philip Fox,Consumer,United States,Sandy Springs,Georgia,30328,South
JG-15160,James Galang,Consumer,United States,Los Angeles,California,90049,West
RF-19345,Randy Ferguson,Corporate,United States,Marietta,Georgia,30062,South
RS-19765,Roland Schwarz,Corporate,United States,Los Angeles,California,90008,West
CD-11920,Carlos Daly,Consumer,United States,New York City,New York,10035,East
KH-16630,Ken Heidel,Corporate,United States,Clinton,Maryland,20735,East
SS-20410,Shahid Shariari,Consumer,United States,Philadelphia,Pennsylvania,19120,East
VW-21775,Victoria Wilson,Corporate,United States,New York City,New York,10011,East
NH-18610,Nicole Hansen,Corporate,United States,Roswell,Georgia,30076,South
HP-14815,Harold Pawlan,Home Office,United States,New York City,New York,10024,East
CA-12775,Cynthia Arntzen,Consumer,United States,Philadelphia,Pennsylvania,19140,East
CM-12715,Craig Molinari,Corporate,United States,Houston,Texas,77070,Central
MC-17590,Matt Collister,Corporate,United States,Arlington,Texas,76017,Central
NP-18325,Naresj Patel,Consumer,United States,New York City,New York,10024,East
SW-20455,Shaun Weien,Consumer,United States,Rochester,New York,14609,East
RA-19885,Ruben Ausman,Corporate,United States,Decatur,Alabama,35601,South
TS-21610,Troy Staebel,Consumer,United States,San Francisco,California,94122,West
KH-16360,Katherine Hughes,Consumer,United States,Louisville,Kentucky,40214,South
CC-12610,Corey Catlett,Corporate,United States,Springfield,Virginia,22153,South
LR-16915,Lena Radford,Consumer,United States,San Diego,California,92024,West
EB-14110,Eugene Barchas,Consumer,United States,Philadelphia,Pennsylvania,19134,East
RA-19285,Ralph Arnett,Consumer,United States,San Diego,California,92037,West
EK-13795,Eileen Kiefer,Home Office,United States,San Francisco,California,94110,West
LL-16840,Lauren Leatherbury,Consumer,United States,Waynesboro,Virginia,22980,South
AJ-10795,Anthony Johnson,Corporate,United States,Apple Valley,California,92307,West
CV-12295,Christina VanderZanden,Consumer,United States,Des Moines,Iowa,50315,Central
MH-18115,Mick Hernandez,Home Office,United States,Lancaster,Ohio,43130,East
SC-20440,Shaun Chance,Corporate,United States,Los Angeles,California,90032,West
MH-17620,Matt Hagelstein,Corporate,United States,San Francisco,California,94110,West
PK-18910,Paul Knutson,Home Office,United States,Philadelphia,Pennsylvania,19143,East
CK-12325,Christine Kargatis,Home Office,United States,Chesapeake,Virginia,23320,South
KN-16705,Kristina Nunn,Home Office,United States,Seattle,Washington,98105,West
RS-19420,Ricardo Sperren,Corporate,United States,Meriden,Connecticut,6450,East
CH-12070,Cathy Hwang,Home Office,United States,Raleigh,North Carolina,27604,South
TG-21640,Trudy Glocke,Consumer,United States,Tampa,Florida,33614,South
JL-15850,John Lucas,Consumer,United States,San Francisco,California,94122,West
BP-11185,Ben Peterman,Corporate,United States,Philadelphia,Pennsylvania,19120,East
MP-18175,Mike Pelletier,Home Office,United States,New York City,New York,10009,East
AW-10930,Arthur Wiediger,Home Office,United States,Oklahoma City,Oklahoma,73120,Central
MG-18145,Mike Gockenbach,Consumer,United States,Los Angeles,California,90045,West
SC-20725,Steven Cartwright,Consumer,United States,Houston,Texas,77070,Central
RW-19630,Rob Williams,Corporate,United States,Torrance,California,90503,West
BS-11590,Brendan Sweed,Corporate,United States,Gilbert,Arizona,85234,West
LB-16795,Laurel Beltran,Home Office,United States,Oxnard,California,93030,West
BT-11395,Bill Tyler,Corporate,United States,Detroit,Michigan,48227,Central
PF-19225,Phillip Flathmann,Consumer,United States,Los Angeles,California,90032,West
GD-14590,Giulietta Dortch,Corporate,United States,Bellingham,Washington,98226,West
GH-14485,Gene Hale,Corporate,United States,Richardson,Texas,75080,Central
MG-17650,Matthew Grinstein,Home Office,United States,Seattle,Washington,98103,West
JP-15520,Jeremy Pistek,Consumer,United States,Madison,Wisconsin,53711,Central
DH-13075,Dave Hallsten,Corporate,United States,New York City,New York,10035,East
MD-17350,Maribeth Dona,Consumer,United States,Philadelphia,Pennsylvania,19143,East
RB-19705,Roger Barcio,Home Office,United States,New York City,New York,10035,East
TB-21625,Trudy Brown,Consumer,United States,Philadelphia,Pennsylvania,19134,East
KN-16450,Kean Nguyen,Corporate,United States,Redondo Beach,California,90278,West
LC-17140,Logan Currie,Consumer,United States,New York City,New York,10035,East
PM-18940,Paul MacIntyre,Consumer,United States,Springfield,Virginia,22153,South
MY-18295,Muhammed Yedwab,Corporate,United States,Columbus,Ohio,43229,East
RD-19585,Rob Dowd,Consumer,United States,Athens,Georgia,30605,South
EJ-13720,Ed Jacobs,Consumer,United States,Los Angeles,California,90008,West
RB-19465,Rick Bensley,Home Office,United States,Vallejo,California,94591,West
LS-16975,Lindsay Shagiari,Home Office,United States,Baltimore,Maryland,21215,East
FM-14215,Filia McAdams,Corporate,United States,Dublin,Ohio,43017,East
SG-20470,Sheri Gordon,Consumer,United States,New York City,New York,10011,East
EB-13870,Emily Burns,Consumer,United States,Orem,Utah,84057,West
MK-17905,Michael Kennedy,Corporate,United States,Manchester,Connecticut,6040,East
JP-15460,Jennifer Patt,Corporate,United States,New York City,New York,10035,East
CK-12205,Chloris Kastensmidt,Consumer,United States,Renton,Washington,98059,West
JO-15280,Jas O'Carroll,Consumer,United States,Los Angeles,California,90004,West
BF-11020,Barry Französisch,Corporate,United States,New York City,New York,10024,East
JM-15265,Janet Molinari,Corporate,United States,New York City,New York,10024,East
GR-14560,Georgia Rosenberg,Corporate,United States,Wilmington,Delaware,19805,East
AS-10090,Adam Shillingsburg,Consumer,United States,Springfield,Missouri,65807,Central
AG-10900,Arthur Gainer,Consumer,United States,Tucson,Arizona,85705,West
BP-11230,Benjamin Patterson,Consumer,United States,Troy,Ohio,45373,East
TG-21310,Toby Gnade,Consumer,United States,Los Angeles,California,90049,West
KB-16585,Ken Black,Corporate,United States,Hialeah,Florida,33012,South
TD-20995,Tamara Dahlen,Consumer,United States,San Diego,California,92037,West
PO-19180,Philisse Overcash,Home Office,United States,Chicago,Illinois,60623,Central
PC-19000,Pauline Chand,Home Office,United States,Los Angeles,California,90004,West
GH-14410,Gary Hansen,Home Office,United States,Chicago,Illinois,60653,Central
NP-18685,Nora Pelletier,Home Office,United States,Indianapolis,Indiana,46203,Central
CB-12025,Cassandra Brandow,Consumer,United States,Arlington,Texas,76017,Central
BT-11680,Brian Thompson,Consumer,United States,Houston,Texas,77041,Central
CC-12685,Craig Carroll,Consumer,United States,New York City,New York,10011,East
BP-11155,Becky Pak,Consumer,United States,Los Angeles,California,90008,West
MN-17935,Michael Nguyen,Consumer,United States,New York City,New York,10009,East
KM-16720,Kunst Miller,Consumer,United States,Lowell,Massachusetts,1852,East
MC-17275,Marc Crier,Consumer,United States,Pasco,Washington,99301,West
GZ-14470,Gary Zandusky,Consumer,United States,Columbia,Maryland,21044,East
DP-13105,Dave Poirier,Corporate,United States,Hempstead,New York,11550,East
KT-16465,Kean Takahito,Consumer,United States,Houston,Texas,77036,Central
DK-13375,Dennis Kane,Consumer,United States,Westland,Michigan,48185,Central
CS-11845,Cari Sayre,Corporate,United States,Seattle,Washington,98105,West
JW-16075,Julia West,Consumer,United States,Jacksonville,North Carolina,28540,South
AH-10195,Alan Haines,Corporate,United States,Tamarac,Florida,33319,South
DB-13615,Doug Bickford,Consumer,United States,Los Angeles,California,90045,West
DK-13090,Dave Kipp,Consumer,United States,Orlando,Florida,32839,South
SU-20665,Stephanie Ulpright,Home Office,United States,Chicago,Illinois,60610,Central
EB-13975,Erica Bern,Corporate,United States,Charlotte,North Carolina,28205,South
SO-20335,Sean O'Donnell,Consumer,United States,Fort Lauderdale,Florida,33311,South
EP-13915,Emily Phan,Consumer,United States,Houston,Texas,77036,Central
SV-20815,Stuart Van,Corporate,United States,Houston,Texas,77041,Central
SH-20395,Shahid Hopkins,Consumer,United States,Jacksonville,North Carolina,28540,South
DB-13555,Dorothy Badders,Corporate,United States,Raleigh,North Carolina,27604,South
JL-15130,Jack Lebron,Consumer,United States,Jackson,Tennessee,38301,South
FH-14275,Frank Hawley,Corporate,United States,New York City,New York,10024,East
CC-12670,Craig Carreira,Consumer,United States,Los Angeles,California,90032,West
DB-12910,Daniel Byrd,Home Office,United States,Lake Forest,California,92630,West
NF-18595,Nicole Fjeld,Home Office,United States,Chico,California,95928,West
TS-21655,Trudy Schmidt,Consumer,United States,El Paso,Texas,79907,Central
CA-12265,Christina Anderson,Consumer,United States,Provo,Utah,84604,West
MD-17860,Michael Dominguez,Corporate,United States,Indianapolis,Indiana,46203,Central
JM-15250,Janet Martin,Consumer,United States,Baltimore,Maryland,21215,East
BS-11380,Bill Stewart,Corporate,United States,Denver,Colorado,80219,West
CR-12730,Craig Reiter,Consumer,United States,New York City,New York,10009,East
MC-18130,Mike Caudle,Corporate,United States,Los Angeles,California,90004,West
EJ-14155,Eva Jacobs,Consumer,United States,Franklin,Massachusetts,2038,East
JK-16120,Julie Kriz,Home Office,United States,New York City,New York,10009,East
DV-13465,Dianna Vittorini,Consumer,United States,Oceanside,New York,11572,East
DR-12880,Dan Reichenbach,Corporate,United States,New York City,New York,10011,East
AB-10600,Ann Blume,Corporate,United States,Tucson,Arizona,85705,West
MP-17470,Mark Packer,Home Office,United States,New York City,New York,10035,East
AT-10435,Alyssa Tate,Home Office,United States,Los Angeles,California,90004,West
CY-12745,Craig Yedwab,Corporate,United States,Springfield,Ohio,45503,East
WB-21850,William Brown,Consumer,United States,Los Angeles,California,90049,West
BT-11530,Bradley Talbott,Home Office,United States,Los Angeles,California,90036,West
DB-13210,Dean Braden,Consumer,United States,Philadelphia,Pennsylvania,19134,East
NS-18505,Neola Schneider,Consumer,United States,Philadelphia,Pennsylvania,19140,East
DP-13165,David Philippe,Consumer,United States,New York City,New York,10035,East
LT-17110,Liz Thompson,Consumer,United States,Little Rock,Arkansas,72209,South
SW-20275,Scott Williamson,Consumer,United States,New York City,New York,10009,East
ER-13855,Elpida Rittenbach,Corporate,United States,Charlotte,North Carolina,28205,South
DK-12835,Damala Kotsonis,Corporate,United States,Detroit,Michigan,48234,Central
CT-11995,Carol Triggs,Consumer,United States,Lawrence,Massachusetts,1841,East
CD-12790,Cynthia Delaney,Home Office,United States,Oklahoma City,Oklahoma,73120,Central
DB-12970,Darren Budd,Corporate,United States,New York City,New York,10024,East
LC-17050,Liz Carlisle,Consumer,United States,Richmond,Kentucky,40475,South
MV-18190,Mike Vittorini,Consumer,United States,Raleigh,North Carolina,27604,South
JR-15700,Jocasta Rupert,Consumer,United States,Jacksonville,Florida,32216,South
RD-19900,Ruben Dartt,Consumer,United States,San Francisco,California,94109,West
KD-16345,Katherine Ducich,Consumer,United States,New York City,New York,10035,East
DK-12895,Dana Kaydos,Consumer,United States,Kenosha,Wisconsin,53142,Central
FA-14230,Frank Atkinson,Corporate,United States,Los Angeles,California,90008,West
SB-20170,Sarah Bern,Consumer,United States,New York City,New York,10035,East
CV-12805,Cynthia Voltz,Corporate,United States,Austin,Texas,78745,Central
LS-16945,Linda Southworth,Corporate,United States,Denver,Colorado,80219,West
BE-11455,Brad Eason,Home Office,United States,Cleveland,Ohio,44105,East
JH-16180,Justin Hirsh,Consumer,United States,Pueblo,Colorado,81001,West
BG-11695,Brooke Gillingham,Corporate,United States,Woodstock,Illinois,60098,Central
SV-20785,Stewart Visinsky,Consumer,United States,Philadelphia,Pennsylvania,19140,East
JK-15625,Jim Karlsson,Consumer,United States,New York City,New York,10024,East
AP-10915,Arthur Prichep,Consumer,United States,Henderson,Kentucky,42420,South
DN-13690,Duane Noonan,Consumer,United States,Moreno Valley,California,92553,West
JL-15175,James Lanier,Home Office,United States,Chandler,Arizona,85224,West
JF-15355,Jay Fein,Consumer,United States,San Diego,California,92105,West
AH-10075,Adam Hart,Corporate,United States,New York City,New York,10011,East
NZ-18565,Nick Zandusky,Home Office,United States,Springfield,Missouri,65807,Central
MS-17770,Maxwell Schwartz,Consumer,United States,Seattle,Washington,98105,West
MG-17695,Maureen Gnade,Consumer,United States,Buffalo,New York,14215,East
KH-16330,Katharine Harms,Corporate,United States,New York City,New York,10024,East
ML-17410,Maris LaWare,Consumer,United States,Fairfield,Connecticut,6824,East
RK-19300,Ralph Kennedy,Consumer,United States,South Bend,Indiana,46614,Central
PJ-18835,Patrick Jones,Corporate,United States,Springfield,Virginia,22153,South
JM-16195,Justin MacKendrick,Consumer,United States,Louisville,Kentucky,40214,South
GM-14455,Gary Mitchum,Home Office,United States,Concord,New Hampshire,3301,East
ZD-21925,Zuschuss Donatelli,Consumer,United States,Jacksonville,Florida,32216,South
SC-20680,Steve Carroll,Home Office,United States,Broken Arrow,Oklahoma,74012,Central
EB-14170,Evan Bailliet,Consumer,United States,Seattle,Washington,98115,West
BW-11200,Ben Wallace,Consumer,United States,San Francisco,California,94122,West
MY-17380,Maribeth Yedwab,Corporate,United States,Parker,Colorado,80134,West
ME-18010,Michelle Ellison,Corporate,United States,San Francisco,California,94122,West
MA-17560,Matt Abelman,Home Office,United States,New York City,New York,10024,East
FH-14350,Fred Harton,Consumer,United States,Seattle,Washington,98105,West
JM-15535,Jessica Myrick,Consumer,United States,New York City,New York,10035,East
MG-17875,Michael Grace,Home Office,United States,Aurora,Illinois,60505,Central
DM-12955,Dario Medina,Corporate,United States,Fairfield,Ohio,45014,East
LR-17035,Lisa Ryan,Corporate,United States,Philadelphia,Pennsylvania,19134,East
JC-15385,Jenna Caffey,Consumer,United States,Kent,Washington,98031,West
JS-15595,Jill Stevenson,Corporate,United States,Miami,Florida,33180,South
CL-11890,Carl Ludwig,Consumer,United States,Everett,Massachusetts,2149,East
BS-11755,Bruce Stewart,Consumer,United States,Cleveland,Ohio,44105,East
MH-17290,Marc Harrigan,Home Office,United States,Philadelphia,Pennsylvania,19140,East
DM-13525,Don Miller,Corporate,United States,New York City,New York,10035,East
JE-15475,Jeremy Ellison,Consumer,United States,San Diego,California,92037,West
TB-21190,Thomas Brumley,Home Office,United States,New York City,New York,10011,East
MM-18055,Michelle Moray,Consumer,United States,Chicago,Illinois,60610,Central
MC-18100,Mick Crebagga,Consumer,United States,El Paso,Texas,79907,Central
SN-20560,Skye Norling,Home Office,United States,Chicago,Illinois,60653,Central
VB-21745,Victoria Brennan,Corporate,United States,Rochester,New York,14609,East
LW-17125,Liz Willingham,Consumer,United States,Virginia Beach,Virginia,23464,South
TB-21595,Troy Blackwell,Consumer,United States,Milwaukee,Wisconsin,53209,Central
JL-15235,Janet Lee,Consumer,United States,Kissimmee,Florida,34741,South
SJ-20500,Shirley Jackson,Consumer,United States,Fairfield,Connecticut,6824,East
EH-14125,Eugene Hildebrand,Home Office,United States,Philadelphia,Pennsylvania,19140,East
CS-12400,Christopher Schild,Home Office,United States,Philadelphia,Pennsylvania,19134,East
RB-19435,Richard Bierner,Consumer,United States,Plainfield,New Jersey,7060,East
CG-12520,Claire Gute,Consumer,United States,Henderson,Kentucky,42420,South
MH-17785,Maya Herman,Corporate,United States,Seattle,Washington,98105,West
NC-18625,Noah Childs,Corporate,United States,Aurora,Colorado,80013,West
MO-17800,Meg O'Connel,Home Office,United States,Roswell,Georgia,30076,South
HZ-14950,Henia Zydlo,Consumer,United States,Fort Lauderdale,Florida,33311,South
MO-17500,Mary O'Rourke,Consumer,United States,New York City,New York,10035,East
DV-13045,Darrin Van Huff,Corporate,United States,Jacksonville,Florida,32216,South
SC-20770,Stewart Carmichael,Corporate,United States,San Antonio,Texas,78207,Central
KD-16615,Ken Dana,Corporate,United States,Anaheim,California,92804,West
JR-16210,Justin Ritter,Corporate,United States,Jacksonville,Florida,32216,South
SC-20695,Steve Chapman,Corporate,United States,Richmond,Indiana,47374,Central
JC-15775,John Castell,Consumer,United States,Tallahassee,Florida,32303,South
RH-19555,Ritsa Hightower,Consumer,United States,Charlotte,North Carolina,28205,South
NC-18340,Nat Carroll,Consumer,United States,Fargo,North Dakota,58103,Central
JG-15805,John Grady,Corporate,United States,New York City,New York,10024,East
ME-17725,Max Engle,Consumer,United States,Salem,Virginia,24153,South
RP-19855,Roy Phan,Corporate,United States,Kenosha,Wisconsin,53142,Central
AC-10420,Alyssa Crouse,Corporate,United States,San Francisco,California,94122,West
JG-15310,Jason Gross,Corporate,United States,Providence,Rhode Island,2908,East
BF-11215,Benjamin Farhat,Home Office,United States,Minneapolis,Minnesota,55407,Central
HR-14770,Hallie Redmond,Home Office,United States,Milwaukee,Wisconsin,53209,Central
CC-12475,Cindy Chapman,Consumer,United States,San Diego,California,92037,West
PH-18790,Patricia Hirasaki,Home Office,United States,Lakeland,Florida,33801,South
BC-11125,Becky Castell,Home Office,United States,San Francisco,California,94109,West
CM-12115,Chad McGuire,Consumer,United States,New York City,New York,10011,East
BD-11725,Bruce Degenhardt,Consumer,United States,Columbus,Georgia,31907,South
MC-17605,Matt Connell,Corporate,United States,Houston,Texas,77070,Central
HA-14920,Helen Andreada,Consumer,United States,Pasadena,California,91104,West
AH-10030,Aaron Hawkins,Corporate,United States,San Francisco,California,94122,West
ML-17755,Max Ludwig,Home Office,United States,Toledo,Ohio,43615,East
TS-21505,Tony Sayre,Consumer,United States,Columbia,Tennessee,38401,South
AF-10870,Art Ferguson,Consumer,United States,Passaic,New Jersey,7055,East
BF-11005,Barry Franz,Home Office,United States,Pasadena,California,91104,West
Dl-13600,Dorris liebe,Corporate,United States,New York City,New York,10035,East
RB-19330,Randy Bradley,Consumer,United States,Philadelphia,Pennsylvania,19143,East
CK-12760,Cyma Kinney,Corporate,United States,Aurora,Illinois,60505,Central
TP-21565,Tracy Poddar,Corporate,United States,Eugene,Oregon,97405,West
SC-20575,Sonia Cooley,Consumer,United States,Mishawaka,Indiana,46544,Central
LM-17065,Liz MacKendrick,Consumer,United States,Springfield,Ohio,45503,East
CS-12250,Chris Selesnick,Corporate,United States,Bossier City,Louisiana,71111,South
DK-12985,Darren Koutras,Consumer,United States,Chicago,Illinois,60610,Central
BV-11245,Benjamin Venier,Corporate,United States,Smyrna,Tennessee,37167,South
LE-16810,Laurel Elliston,Consumer,United States,Arlington,Virginia,22204,South
LH-16900,Lena Hernandez,Consumer,United States,Jonesboro,Arkansas,72401,South
AJ-10945,Ashley Jarboe,Consumer,United States,Lawrence,Indiana,46226,Central
BP-11290,Beth Paige,Consumer,United States,Los Angeles,California,90036,West
CC-12220,Chris Cortes,Consumer,United States,San Antonio,Texas,78207,Central
SZ-20035,Sam Zeldin,Home Office,United States,Saint Charles,Illinois,60174,Central
VF-21715,Vicky Freymann,Home Office,United States,Elmhurst,Illinois,60126,Central
TB-21250,Tim Brockman,Consumer,United States,New York City,New York,10024,East
MM-17260,Magdelene Morse,Consumer,United States,New Rochelle,New York,10801,East
GW-14605,Giulietta Weimer,Consumer,United States,Philadelphia,Pennsylvania,19140,East
ON-18715,Odella Nelson,Corporate,United States,Burlington,North Carolina,27217,South
SK-19990,Sally Knutson,Consumer,United States,Toledo,Ohio,43615,East
KB-16600,Ken Brennan,Corporate,United States,New York City,New York,10009,East
GM-14500,Gene McClure,Consumer,United States,Oceanside,New York,11572,East
CC-12100,Chad Cunningham,Home Office,United States,Los Angeles,California,90049,West
MB-18085,Mick Brown,Consumer,United States,Charlotte,North Carolina,28205,South
RD-19930,Russell D'Ascenzo,Consumer,United States,Los Angeles,California,90032,West
DS-13180,David Smith,Corporate,United States,Detroit,Michigan,48227,Central
CS-12355,Christine Sundaresam,Consumer,United States,Roswell,Georgia,30076,South
CM-12190,Charlotte Melton,Consumer,United States,Rochester,Minnesota,55901,Central
LS-17200,Luke Schmidt,Corporate,United States,Texarkana,Arkansas,71854,South
PO-18865,Patrick O'Donnell,Consumer,United States,Los Angeles,California,90036,West
PB-19105,Peter Bühler,Consumer,United States,Houston,Texas,77095,Central
TZ-21580,Tracy Zic,Consumer,United States,Louisville,Colorado,80027,West
VS-21820,Vivek Sundaresam,Consumer,United States,Naperville,Illinois,60540,Central
KM-16225,Kalyca Meade,Corporate,United States,New York City,New York,10011,East
JS-16030,Joy Smith,Consumer,United States,Decatur,Illinois,62521,Central
EA-14035,Erin Ashbrook,Corporate,United States,Springfield,Missouri,65807,Central
KE-16420,Katrina Edelman,Corporate,United States,New York City,New York,10035,East
KN-16390,Katherine Nockton,Corporate,United States,Springfield,Ohio,45503,East
TS-21160,Theresa Swint,Corporate,United States,Columbus,Georgia,31907,South
PG-18820,Patrick Gardner,Consumer,United States,San Diego,California,92105,West
ML-18040,Michelle Lonsdale,Corporate,United States,Albuquerque,New Mexico,87105,West
DB-13660,Duane Benoit,Consumer,United States,Los Angeles,California,90036,West
CW-11905,Carl Weiss,Home Office,United States,Cranston,Rhode Island,2920,East
NL-18310,Nancy Lomonaco,Home Office,United States,Danville,California,94526,West
JR-15670,Jim Radford,Consumer,United States,Colorado Springs,Colorado,80906,West
EH-14185,Evan Henry,Consumer,United States,New York City,New York,10035,East
CS-11950,Carlos Soltero,Consumer,United States,Seattle,Washington,98115,West
BP-11095,Bart Pistole,Corporate,United States,Los Angeles,California,90008,West
NG-18355,Nat Gilpin,Corporate,United States,Fairfield,Connecticut,6824,East
HA-14905,Helen Abelman,Consumer,United States,Fort Collins,Colorado,80525,West
SW-20755,Steven Ward,Corporate,United States,New York City,New York,10009,East
SC-20020,Sam Craven,Consumer,United States,Philadelphia,Pennsylvania,19140,East
LW-16825,Laurel Workman,Corporate,United States,Deltona,Florida,32725,South
JK-15370,Jay Kimmel,Consumer,United States,New York City,New York,10035,East
EM-13960,Eric Murdock,Consumer,United States,Portland,Oregon,97206,West
CM-11815,Candace McMahon,Corporate,United States,Seattle,Washington,98115,West
MK-18160,Mike Kennedy,Consumer,United States,Newport News,Virginia,23602,South
PR-18880,Patrick Ryan,Consumer,United States,Oakland,California,94601,West
PN-18775,Parhena Norris,Home Office,United States,Omaha,Nebraska,68104,Central
VT-21700,Valerie Takahito,Home Office,United States,Philadelphia,Pennsylvania,19143,East
BP-11050,Barry Pond,Corporate,United States,Plainfield,New Jersey,7060,East
CS-12490,Cindy Schnelling,Corporate,United States,Lakeland,Florida,33801,South
AG-10525,Andy Gerbode,Corporate,United States,Houston,Texas,77095,Central
Co-12640,Corey-Lock,Consumer,United States,Seattle,Washington,98105,West
AZ-10750,Annie Zypern,Consumer,United States,San Diego,California,92037,West
HF-14995,Herbert Flentye,Consumer,United States,Los Angeles,California,90004,West
SV-20935,Susan Vittorini,Consumer,United States,Mesa,Arizona,85204,West
MF-17665,Maureen Fritzler,Corporate,United States,Phoenix,Arizona,85023,West
VP-21730,Victor Preis,Home Office,United States,New York City,New York,10011,East
TM-21490,Tony Molinari,Consumer,United States,Yonkers,New York,10701,East
RM-19375,Raymond Messe,Consumer,United States,Burlington,Vermont,5408,East
EG-13900,Emily Grady,Consumer,United States,Oceanside,New York,11572,East
SH-19975,Sally Hughsby,Corporate,United States,Seattle,Washington,98105,West
NG-18430,Nathan Gelder,Consumer,United States,Austin,Texas,78745,Central
TT-21220,Thomas Thornton,Consumer,United States,Houston,Texas,77041,Central
SN-20710,Steve Nguyen,Home Office,United States,Houston,Texas,77041,Central
DB-13405,Denny Blanton,Consumer,United States,La Porte,Indiana,46350,Central
EB-13930,Eric Barreto,Consumer,United States,Chicago,Illinois,60653,Central
AR-10345,Alex Russell,Corporate,United States,Philadelphia,Pennsylvania,19143,East
RR-19315,Ralph Ritter,Consumer,United States,Aurora,Illinois,60505,Central
RF-19735,Roland Fjeld,Consumer,United States,San Diego,California,92105,West
CC-12430,Chuck Clark,Home Office,United States,Lakewood,California,90712,West
SW-20350,Sean Wendt,Home Office,United States,Detroit,Michigan,48227,Central
AG-10495,Andrew Gjertsen,Corporate,United States,Saint Petersburg,Florida,33710,South
MT-18070,Michelle Tran,Home Office,United States,Los Angeles,California,90045,West
CA-12055,Cathy Armstrong,Home Office,United States,Los Angeles,California,90036,West
TC-21145,Theresa Coyne,Corporate,United States,Lakewood,New Jersey,8701,East
RA-19945,Ryan Akin,Consumer,United States,Miami,Florida,33178,South
NR-18550,Nick Radford,Consumer,United States,Pembroke Pines,Florida,33024,South
PG-18895,Paul Gonzalez,Consumer,United States,Richmond,Virginia,23223,South
HM-14980,Henry MacAllister,Consumer,United States,Los Angeles,California,90008,West
BS-11800,Bryan Spruell,Home Office,United States,New York City,New York,10011,East
AA-10375,Allen Armold,Consumer,United States,Atlanta,Georgia,30318,South
EM-14095,Eudokia Martin,Corporate,United States,Springfield,Virginia,22153,South
MF-18250,Monica Federle,Corporate,United States,Little Rock,Arkansas,72209,South
EM-13825,Elizabeth Moffitt,Corporate,United States,Dallas,Texas,75081,Central
MS-17710,Maurice Satty,Consumer,United States,Auburn,Alabama,36830,South
BG-11740,Bruce Geld,Consumer,United States,Bakersfield,California,93309,West
DL-12865,Dan Lawera,Consumer,United States,Long Beach,California,90805,West
DW-13585,Dorothy Wardle,Corporate,United States,Troy,Ohio,45373,East
JP-16135,Julie Prescott,Home Office,United States,Los Angeles,California,90032,West
CA-12310,Christine Abelman,Corporate,United States,Anaheim,California,92804,West
JB-15925,Joni Blumstein,Consumer,United States,Dublin,Ohio,43017,East
AB-10255,Alejandro Ballentine,Home Office,United States,Los Angeles,California,90036,West
KB-16315,Karl Braun,Consumer,United States,Los Angeles,California,90008,West
CS-11860,Cari Schnelling,Consumer,United States,Lakeland,Florida,33801,South
ML-17395,Marina Lichtenstein,Corporate,United States,San Francisco,California,94122,West
AB-10150,Aimee Bixby,Consumer,United States,Yonkers,New York,10701,East
AA-10480,Andrew Allen,Consumer,United States,Detroit,Michigan,48234,Central
BM-11785,Bryan Mills,Consumer,United States,Buffalo Grove,Illinois,60089,Central
PB-19150,Philip Brown,Consumer,United States,Los Angeles,California,90004,West
SP-20545,Sibella Parks,Corporate,United States,New York City,New York,10011,East
NS-18640,Noel Staavos,Corporate,United States,Columbus,Ohio,43229,East
BN-11515,Bradley Nguyen,Consumer,United States,New York City,New York,10011,East
TS-21340,Toby Swindell,Consumer,United States,Los Angeles,California,90036,West
JO-15550,Jesus Ocampo,Home Office,United States,Seattle,Washington,98105,West
LP-17080,Liz Pelletier,Consumer,United States,San Francisco,California,94110,West
CM-11935,Carlos Meador,Consumer,United States,Fayetteville,North Carolina,28314,South
AJ-10960,Astrea Jones,Consumer,United States,Rochester,New York,14609,East
MC-17635,Matthew Clasen,Corporate,United States,Los Angeles,California,90032,West
DC-13285,Debra Catini,Consumer,United States,Plantation,Florida,33317,South
FG-14260,Frank Gastineau,Home Office,United States,Lawrence,Massachusetts,1841,East
CG-12040,Catherine Glotzbach,Home Office,United States,Philadelphia,Pennsylvania,19120,East
CR-12820,Cyra Reiten,Home Office,United States,Houston,Texas,77041,Central
AP-10720,Anne Pryor,Home Office,United States,Los Angeles,California,90032,West
RH-19600,Rob Haberlin,Consumer,United States,Carol Stream,Illinois,60188,Central
GG-14650,Greg Guthrie,Corporate,United States,Chico,California,95928,West
DB-13360,Dennis Bolton,Home Office,United States,New York City,New York,10009,East
SM-20905,Susan MacKendrick,Consumer,United States,Newark,Ohio,43055,East
CK-12595,Clytie Kelty,Consumer,United States,Charlotte,North Carolina,28205,South
RD-19810,Ross DeVincentis,Home Office,United States,Chicago,Illinois,60610,Central
KB-16405,Katrina Bavinger,Home Office,United States,New York City,New York,10035,East
MV-17485,Mark Van Huff,Consumer,United States,Mesa,Arizona,85204,West
JF-15190,Jamie Frazer,Consumer,United States,New York City,New York,10024,East
SS-20140,Saphhira Shifley,Corporate,United States,Columbus,Georgia,31907,South
TC-21475,Tony Chapman,Home Office,United States,Columbus,Georgia,31907,South
DH-13675,Duane Huffman,Home Office,United States,San Francisco,California,94122,West
DK-13150,David Kendrick,Corporate,United States,Decatur,Illinois,62521,Central
MB-17305,Maria Bertelson,Consumer,United States,New York City,New York,10009,East
PS-18760,Pamela Stobb,Consumer,United States,San Antonio,Texas,78207,Central
EH-14005,Erica Hernandez,Home Office,United States,Hialeah,Florida,33012,South
DL-13330,Denise Leinenbach,Consumer,United States,Lawrence,Indiana,46226,Central
KC-16675,Kimberly Carter,Corporate,United States,Tallahassee,Florida,32303,South
TC-21535,Tracy Collins,Home Office,United States,San Francisco,California,94110,West
FM-14380,Fred McMath,Consumer,United States,Detroit,Michigan,48227,Central
JS-15685,Jim Sink,Corporate,United States,Miramar,Florida,33023,South
JB-15400,Jennifer Braxton,Corporate,United States,Lawrence,Massachusetts,1841,East
AH-10585,Angele Hood,Consumer,United States,Seattle,Washington,98105,West
JM-15655,Jim Mitchum,Corporate,United States,Lorain,Ohio,44052,East
RF-19840,Roy Französisch,Consumer,United States,Pasadena,California,91104,West
NB-18655,Nona Balk,Corporate,United States,Jacksonville,Florida,32216,South
TH-21235,Tiffany House,Corporate,United States,Dallas,Texas,75081,Central
AH-10120,Adrian Hane,Home Office,United States,Salem,Oregon,97301,West
DO-13435,Denny Ordway,Consumer,United States,Pembroke Pines,Florida,33024,South
MZ-17335,Maria Zettner,Home Office,United States,San Diego,California,92024,West
IG-15085,Ivan Gibson,Consumer,United States,Norwich,Connecticut,6360,East
RP-19270,Rachel Payne,Corporate,United States,Houston,Texas,77095,Central
DP-13000,Darren Powers,Consumer,United States,Los Angeles,California,90004,West
DL-13315,Delfina Latchford,Consumer,United States,New York City,New York,10024,East
BF-11275,Beth Fritzler,Corporate,United States,Miami,Florida,33178,South
PS-18970,Paul Stevenson,Home Office,United States,Seattle,Washington,98105,West
BT-11485,Brad Thomas,Home Office,United States,Clinton,Maryland,20735,East
MC-17575,Matt Collins,Consumer,United States,Seattle,Washington,98103,West
BT-11440,Bobby Trafton,Consumer,United States,New York City,New York,10035,East
AF-10885,Art Foster,Consumer,United States,Philadelphia,Pennsylvania,19134,East
MR-17545,Mathew Reese,Home Office,United States,New York City,New York,10024,East
BB-10990,Barry Blumstein,Corporate,United States,San Antonio,Texas,78207,Central
PO-19195,Phillina Ober,Home Office,United States,Philadelphia,Pennsylvania,19140,East
AB-10015,Aaron Bergman,Consumer,United States,Oklahoma City,Oklahoma,73120,Central
CS-12130,Chad Sievert,Consumer,United States,Los Angeles,California,90004,West
PA-19060,Pete Armstrong,Home Office,United States,Orland Park,Illinois,60462,Central
LC-16870,Lena Cacioppo,Consumer,United States,San Francisco,California,94109,West
LH-17155,Logan Haushalter,Consumer,United States,Dallas,Texas,75081,Central
XP-21865,Xylona Preis,Consumer,United States,Hollywood,Florida,33021,South
AS-10630,Ann Steele,Home Office,United States,Pasadena,Texas,77506,Central
BD-11620,Brian DeCherney,Consumer,United States,Lawton,Oklahoma,73505,Central
GA-14725,Guy Armstrong,Consumer,United States,Columbia,Missouri,65203,Central
VG-21805,Vivek Grady,Corporate,United States,Chicago,Illinois,60653,Central
RC-19825,Roy Collins,Consumer,United States,Chicago,Illinois,60610,Central
EH-13990,Erica Hackney,Consumer,United States,New York City,New York,10009,East
JB-16000,Joy Bell-,Consumer,United States,Brownsville,Texas,78521,Central
BW-11065,Barry Weirich,Consumer,United States,Philadelphia,Pennsylvania,19120,East
TT-21265,Tim Taslimi,Corporate,United States,Los Angeles,California,90045,West
KA-16525,Kelly Andreada,Consumer,United States,New York City,New York,10035,East
TB-21055,Ted Butterfield,Consumer,United States,Troy,New York,12180,East
CD-11980,Carol Darley,Consumer,United States,New York City,New York,10011,East
DW-13195,David Wiener,Corporate,United States,Houston,Texas,77095,Central
SJ-20215,Sarah Jordon,Consumer,United States,Chicago,Illinois,60653,Central
BF-10975,Barbara Fisher,Corporate,United States,Columbus,Indiana,47201,Central
HG-14845,Harry Greene,Consumer,United States,New York City,New York,10024,East
AW-10840,Anthony Witt,Consumer,United States,Philadelphia,Pennsylvania,19140,East
JJ-15445,Jennifer Jackson,Consumer,United States,New York City,New York,10035,East
JW-15955,Joni Wasserman,Consumer,United States,Louisville,Kentucky,40214,South
AB-10165,Alan Barnes,Consumer,United States,Los Angeles,California,90045,West
TB-21355,Todd Boyes,Corporate,United States,Sandy Springs,Georgia,30328,South
DO-13645,Doug O'Connell,Consumer,United States,Paterson,New Jersey,7501,East
JH-15910,Jonathan Howell,Consumer,United States,Los Angeles,California,90032,West
MS-17530,MaryBeth Skach,Consumer,United States,Conway,Arkansas,72032,South
EM-14200,Evan Minnotte,Home Office,United States,Dallas,Texas,75217,Central
JC-16105,Julie Creighton,Corporate,United States,Los Angeles,California,90045,West
JF-15490,Jeremy Farry,Consumer,United States,Portland,Oregon,97206,West
SS-20875,Sung Shariari,Consumer,United States,Miami,Florida,33180,South
CR-12625,Corey Roper,Home Office,United States,Lakewood,New Jersey,8701,East
CS-12460,Chuck Sachs,Consumer,United States,Columbus,Georgia,31907,South
CS-12175,Charles Sheldon,Corporate,United States,San Francisco,California,94122,West
NK-18490,Neil Knudson,Home Office,United States,Philadelphia,Pennsylvania,19140,East
LS-17245,Lynn Smith,Consumer,United States,Utica,New York,13501,East
SP-20650,Stephanie Phelps,Corporate,United States,Akron,Ohio,44312,East
SS-20515,Shirley Schmidt,Home Office,United States,Louisville,Kentucky,40214,South
TR-21325,Toby Ritter,Consumer,United States,Cedar Rapids,Iowa,52402,Central
RC-19960,Ryan Crowe,Consumer,United States,Springfield,Oregon,97477,West
LH-16750,Larry Hughes,Consumer,United States,Charlotte,North Carolina,28205,South
NF-18475,Neil Französisch,Home Office,United States,Omaha,Nebraska,68104,Central
RD-19720,Roger Demir,Consumer,United States,Morgan Hill,California,95037,West
JK-15325,Jason Klamczynski,Corporate,United States,Dallas,Texas,75220,Central
MS-17980,Michael Stewart,Corporate,United States,Philadelphia,Pennsylvania,19134,East
SF-20065,Sandra Flanagan,Consumer,United States,Clifton,New Jersey,7011,East
JS-15940,Joni Sundaresam,Home Office,United States,Park Ridge,Illinois,60068,Central
EC-14050,Erin Creighton,Consumer,United States,Columbus,Georgia,31907,South
LO-17170,Lori Olson,Corporate,United States,Concord,New Hampshire,3301,East
DS-13030,Darrin Sayre,Home Office,United States,Seattle,Washington,98115,West
GB-14530,George Bell,Corporate,United States,Philadelphia,Pennsylvania,19120,East
MH-17440,Mark Haberlin,Corporate,United States,Houston,Texas,77036,Central
BD-11770,Bryan Davis,Consumer,United States,New York City,New York,10024,East
AM-10360,Alice McCarthy,Corporate,United States,Los Angeles,California,90008,West
RE-19450,Richard Eichhorn,Consumer,United States,Eau Claire,Wisconsin,54703,Central
MS-17830,Melanie Seite,Consumer,United States,Baltimore,Maryland,21215,East
SW-20245,Scot Wooten,Consumer,United States,Aurora,Illinois,60505,Central
SC-20845,Sung Chung,Consumer,United States,Louisville,Colorado,80027,West
BD-11635,Brian Derr,Consumer,United States,New York City,New York,10009,East
BM-11575,Brendan Murry,Corporate,United States,Gaithersburg,Maryland,20877,East
AG-10300,Aleksandra Gannaway,Corporate,United States,Los Angeles,California,90049,West
JH-15820,John Huston,Consumer,United States,Chicago,Illinois,60610,Central
JD-16060,Julia Dunbar,Consumer,United States,Rochester,Minnesota,55901,Central
JF-15295,Jason Fortune-,Consumer,United States,Seattle,Washington,98103,West
BK-11260,Berenike Kampe,Consumer,United States,Chicago,Illinois,60610,Central
KW-16570,Kelly Williams,Consumer,United States,Kirkwood,Missouri,63122,Central
VG-21790,Vivek Gonzalez,Consumer,United States,Los Angeles,California,90032,West
MM-18280,Muhammed MacIntyre,Corporate,United States,Haltom City,Texas,76117,Central
AC-10660,Anna Chung,Consumer,United States,San Francisco,California,94109,West
LT-16765,Larry Tron,Consumer,United States,Louisville,Colorado,80027,West
SS-20590,Sonia Sunley,Consumer,United States,San Francisco,California,94109,West
PB-18805,Patrick Bzostek,Home Office,United States,Seattle,Washington,98115,West
RB-19570,Rob Beeghly,Consumer,United States,Chicago,Illinois,60610,Central
LS-17230,Lycoris Saunders,Consumer,United States,Grand Prairie,Texas,75051,Central
KM-16660,Khloe Miller,Consumer,United States,Inglewood,California,90301,West
AG-10330,Alex Grayson,Consumer,United States,Mesa,Arizona,85204,West
HE-14800,Harold Engle,Corporate,United States,Newark,Delaware,19711,East
CD-12280,Christina DeMoss,Consumer,United States,Seattle,Washington,98105,West
BN-11470,Brad Norvell,Corporate,United States,Cary,North Carolina,27511,South
HJ-14875,Heather Jas,Home Office,United States,Seattle,Washington,98105,West
AO-10810,Anthony O'Donnell,Corporate,United States,Los Angeles,California,90045,West
SC-20800,Stuart Calhoun,Consumer,United States,Houston,Texas,77041,Central
EM-14065,Erin Mull,Consumer,United States,New York City,New York,10024,East
MG-17890,Michael Granlund,Home Office,United States,Tigard,Oregon,97224,West
BD-11560,Brendan Dodson,Home Office,United States,Springfield,Virginia,22153,South
NB-18580,Nicole Brennan,Corporate,United States,Philadelphia,Pennsylvania,19134,East
AS-10240,Alan Shonely,Consumer,United States,Tampa,Florida,33614,South
ST-20530,Shui Tom,Consumer,United States,New York City,New York,10035,East
JD-16015,Joy Daniels,Consumer,United States,New York City,New York,10009,East
VM-21835,Vivian Mathis,Consumer,United States,Newark,Delaware,19711,East
BO-11425,Bobby Odegard,Consumer,United States,Richmond,Kentucky,40475,South
JH-15430,Jennifer Halladay,Consumer,United States,Hialeah,Florida,33012,South
DW-13540,Don Weiss,Consumer,United States,Seattle,Washington,98105,West
JJ-15760,Joel Jenkins,Home Office,United States,Houston,Texas,77036,Central
AG-10765,Anthony Garverick,Home Office,United States,Hampton,Virginia,23666,South
HH-15010,Hilary Holden,Corporate,United States,San Francisco,California,94110,West
LH-17020,Lisa Hazard,Consumer,United States,Columbus,Ohio,43229,East
SM-20005,Sally Matthias,Consumer,United States,New York City,New York,10009,East
JM-15580,Jill Matthias,Consumer,United States,Los Angeles,California,90045,West
GP-14740,Guy Phonely,Corporate,United States,Leominster,Massachusetts,1453,East
HD-14785,Harold Dahlen,Home Office,United States,Chicago,Illinois,60610,Central
EH-13945,Eric Hoffmann,Consumer,United States,Houston,Texas,77041,Central
AY-10555,Andy Yotov,Corporate,United States,Oceanside,California,92054,West
BF-11080,Bart Folk,Consumer,United States,Baltimore,Maryland,21215,East
PT-19090,Pete Takahito,Consumer,United States,San Antonio,Texas,78207,Central
AR-10510,Andrew Roberts,Consumer,United States,New York City,New York,10024,East
EL-13735,Ed Ludwig,Home Office,United States,Jefferson City,Missouri,65109,Central
PL-18925,Paul Lucas,Home Office,United States,Philadelphia,Pennsylvania,19143,East
DD-13570,Dorothy Dickinson,Consumer,United States,Chicago,Illinois,60610,Central
ML-18265,Muhammed Lee,Consumer,United States,Seattle,Washington,98103,West
GH-14665,Greg Hansen,Consumer,United States,Round Rock,Texas,78664,Central
RM-19750,Roland Murray,Consumer,United States,New York City,New York,10011,East
AG-10390,Allen Goldenen,Consumer,United States,Arlington,Virginia,22204,South
PB-19210,Phillip Breyer,Corporate,United States,Tulsa,Oklahoma,74133,Central
GT-14755,Guy Thornton,Consumer,United States,Long Beach,California,90805,West
RB-19645,Robert Barroso,Corporate,United States,North Las Vegas,Nevada,89031,West
CM-12445,Chuck Magee,Consumer,United States,Houston,Texas,77095,Central
AR-10570,Anemone Ratner,Consumer,United States,Columbus,Georgia,31907,South
MO-17950,Michael Oakman,Consumer,United States,Dallas,Texas,75220,Central
KS-16300,Karen Seio,Corporate,United States,Raleigh,North Carolina,27604,South
RE-19405,Ricardo Emerson,Consumer,United States,Kent,Ohio,44240,East
CC-12550,Clay Cheatham,Consumer,United States,San Francisco,California,94122,West
JC-15340,Jasper Cacioppo,Consumer,United States,Los Angeles,California,90032,West
FW-14395,Fred Wasserman,Corporate,United States,New York City,New York,10011,East
AS-10135,Adrian Shami,Home Office,United States,New York City,New York,10035,East
DA-13450,Dianna Arnett,Home Office,United States,Washington,District of Columbia,20016,East
LB-16735,Larry Blacks,Consumer,United States,Tallahassee,Florida,32303,South
SG-20890,Susan Gilcrest,Corporate,United States,Amarillo,Texas,79109,Central
CJ-11875,Carl Jackson,Corporate,United States,Philadelphia,Pennsylvania,19140,East
MG-18205,Mitch Gastineau,Corporate,United States,Jacksonville,Florida,32216,South
RS-19870,Roy Skaria,Home Office,United States,Philadelphia,Pennsylvania,19120,East
LD-16855,Lela Donovan,Corporate,United States,Chicago,Illinois,60653,Central
TS-21085,Thais Sissman,Consumer,United States,Ormond Beach,Florida,32174,South
